"Outcome","Infection","Disease","Disease given infection"
"ELISA",NA,NA,NA
"sero-negative",NA,NA,NA
"<=20","3.12 (2.16, 4.5)","2.18 (0.8, 5.93)","1.23 (0.4, 3.82)"
"21-80","1.82 (1.27, 2.61)","2.3 (0.88, 6.03)","1.32 (0.44, 3.97)"
"81-320","1.1 (0.77, 1.58)","1.19 (0.45, 3.16)","1.03 (0.34, 3.15)"
"321-1280","0.72 (0.49, 1.06)","1.13 (0.41, 3.1)","1.62 (0.5, 5.21)"
">1280","0.9 (0.59, 1.37)","1.17 (0.39, 3.5)","1.09 (0.31, 3.87)"
"log2(titer)","0.88 (0.86, 0.9)","0.94 (0.88, 1)","1.03 (0.95, 1.11)"
"PRNT&RVP",NA,NA,NA
"Homologous, Med vs. High",NA,NA,"1.55 (0.58, 4.18)"
"Homologous, Low vs. High",NA,NA,"1.36 (0.51, 3.61)"
"Heterologous, Med vs. High",NA,NA,"0.92 (0.26, 3.25)"
"Heterologous, Low vs. High",NA,NA,"2.58 (0.3, 22.05)"
"PRNT&RVP (adjusted for epidemic season)",NA,NA,NA
"Homologous, Med vs. High",NA,NA,"1.17 (0.33, 4.21)"
"Homologous, Low vs. High",NA,NA,"1.1 (0.32, 3.84)"
"Heterologous, Med vs. High",NA,NA,"0.99 (0.22, 4.51)"
"Heterologous, Low vs. High",NA,NA,"0.81 (0.07, 9.17)"
